No	TMNo	EnNo	Name	INOUT	Mode	DateTime
1	1	1		0	0	2019/07/20 13:26:16
2	1	156		0	0	2019/07/20 14:18:27
3	1	1		0	0	2019/07/20 14:20:38
4	1	1		0	0	2019/07/20 14:20:47
5	1	1		0	0	2019/07/20 14:20:52
6	1	156		0	0	2019/07/20 15:18:26
7	1	153		0	0	2019/09/08 07:09:52
8	1	184		0	0	2019/09/08 07:09:59
9	1	145		0	0	2019/09/08 07:10:33
10	1	173		0	0	2019/09/08 07:10:39
11	1	182		0	0	2019/09/08 07:15:19
12	1	170		0	0	2019/09/08 07:20:23
13	1	171		0	0	2019/09/08 07:37:59
14	1	184		0	0	2019/09/08 12:04:02
15	1	171		0	0	2019/09/08 12:04:13
16	1	153		0	0	2019/09/08 14:15:15
17	1	173		0	0	2019/09/08 14:29:49
18	1	170		0	0	2019/09/08 15:01:54
19	1	145		0	0	2019/09/08 15:06:38
20	1	182		0	0	2019/09/08 15:12:45
21	1	154		0	0	2019/09/09 06:33:16
22	1	3		0	0	2019/09/09 06:36:25
23	1	159		0	0	2019/09/09 06:38:43
24	1	160		0	0	2019/09/09 06:48:25
25	1	170		0	0	2019/09/09 06:50:22
26	1	184		0	0	2019/09/09 06:51:45
27	1	165		0	0	2019/09/09 06:51:57
28	1	156		0	0	2019/09/09 06:56:02
29	1	173		0	0	2019/09/09 06:56:19
30	1	158		0	0	2019/09/09 06:56:28
31	1	142		0	0	2019/09/09 06:56:47
32	1	42		0	0	2019/09/09 06:57:54
33	1	129		0	0	2019/09/09 06:58:04
34	1	151		0	0	2019/09/09 06:58:37
35	1	171		0	0	2019/09/09 06:59:23
36	1	187		0	0	2019/09/09 07:01:01
37	1	149		0	0	2019/09/09 07:01:17
38	1	176		0	0	2019/09/09 07:02:51
39	1	153		0	0	2019/09/09 07:03:28
40	1	176		0	0	2019/09/09 07:04:00
41	1	186		0	0	2019/09/09 07:04:26
42	1	152		0	0	2019/09/09 07:06:13
43	1	182		0	0	2019/09/09 07:07:09
44	1	146		0	0	2019/09/09 07:08:37
45	1	162		0	0	2019/09/09 07:08:50
46	1	1		0	0	2019/09/09 07:21:28
47	1	60		0	0	2019/09/09 07:27:00
48	1	187		0	0	2019/09/09 08:01:05
49	1	17		0	0	2019/09/09 08:01:48
50	1	61		0	0	2019/09/09 09:06:21
51	1	14		0	0	2019/09/09 16:17:04
52	1	14		0	0	2019/09/09 16:23:13
53	1	14		0	0	2019/09/09 17:07:19
54	1	153		0	0	2019/09/09 17:08:11
55	1	156		0	0	2019/09/09 17:11:01
56	1	1		0	0	2019/09/09 17:17:28
57	1	176		0	0	2019/09/09 17:17:55
58	1	1		0	0	2019/09/09 17:18:52
59	1	171		0	0	2019/09/09 17:19:43
60	1	159		0	0	2019/09/09 17:21:57
61	1	61		0	0	2019/09/09 17:29:12
62	1	1		0	0	2019/09/09 19:02:28
63	1	159		0	0	2019/09/10 06:35:44
64	1	171		0	0	2019/09/10 06:58:56
65	1	156		0	0	2019/09/10 07:00:16
66	1	61		0	0	2019/09/10 08:47:30
67	1	171		0	0	2019/09/10 17:12:08
68	1	175		0	0	2019/09/10 17:12:32
69	1	156		0	0	2019/09/10 17:17:50
70	1	61		0	0	2019/09/10 17:20:36
71	1	159		0	0	2019/09/10 17:30:35
72	1	159		0	0	2019/09/11 06:44:31
73	1	156		0	0	2019/09/11 06:47:01
74	1	171		0	0	2019/09/11 07:03:29
75	1	61		0	0	2019/09/11 08:52:16
76	1	156		0	0	2019/09/11 17:06:27
77	1	61		0	0	2019/09/11 17:18:58
78	1	176		0	0	2019/09/11 17:24:28
79	1	159		0	0	2019/09/11 18:04:08
80	1	159		0	0	2019/09/12 06:54:46
81	1	156		0	0	2019/09/12 06:55:31
82	1	176		0	0	2019/09/12 06:57:16
83	1	171		0	0	2019/09/12 07:00:25
84	1	61		0	0	2019/09/12 08:45:36
85	1	61		0	0	2019/09/12 17:10:54
86	1	156		0	0	2019/09/12 17:11:00
87	1	171		0	0	2019/09/12 17:11:41
88	1	176		0	0	2019/09/12 18:09:41
89	1	159		0	0	2019/09/12 18:18:15
90	1	159		0	0	2019/09/13 06:50:14
91	1	61		0	0	2019/09/13 08:55:47
92	1	61		0	0	2019/09/13 17:06:49
93	1	156		0	0	2019/09/13 17:10:10
94	1	159		0	0	2019/09/13 17:23:48
95	1	156		0	0	2019/09/14 06:51:26
96	1	159		0	0	2019/09/14 07:02:35
97	1	171		0	0	2019/09/14 07:02:48
98	1	61		0	0	2019/09/14 08:36:52
99	1	156		0	0	2019/09/14 17:07:10
100	1	176		0	0	2019/09/14 17:08:45
101	1	159		0	0	2019/09/14 17:23:12
102	1	1		0	0	2019/09/14 17:25:03
103	1	61		0	0	2019/09/14 17:25:41
104	1	187		0	0	2019/09/14 17:57:25
105	1	171		0	0	2019/09/14 18:00:40
106	1	171		0	0	2019/09/15 07:36:47
107	1	159		0	0	2019/09/15 07:46:48
108	1	159		0	0	2019/09/15 13:12:28
109	1	159		0	0	2019/09/16 06:43:43
110	1	156		0	0	2019/09/16 06:56:52
111	1	171		0	0	2019/09/16 07:01:38
112	1	61		0	0	2019/09/16 08:51:41
113	1	61		0	0	2019/09/16 17:09:42
114	1	156		0	0	2019/09/16 17:15:46
115	1	159		0	0	2019/09/16 19:58:29
116	1	159		0	0	2019/09/17 06:42:13
117	1	156		0	0	2019/09/17 06:46:40
118	1	61		0	0	2019/09/17 08:53:58
119	1	61		0	0	2019/09/17 17:06:51
120	1	156		0	0	2019/09/17 17:11:06
121	1	171		0	0	2019/09/17 18:10:29
122	1	159		0	0	2019/09/17 19:29:14
123	1	156		0	0	2019/09/18 06:54:06
124	1	159		0	0	2019/09/18 06:59:51
125	1	61		0	0	2019/09/18 08:52:10
126	1	61		0	0	2019/09/18 17:09:20
127	1	156		0	0	2019/09/18 17:09:28
128	1	159		0	0	2019/09/18 17:11:25
129	1	159		0	0	2019/09/19 06:33:24
130	1	156		0	0	2019/09/19 06:56:19
131	1	61		0	0	2019/09/19 08:42:33
132	1	61		0	0	2019/09/19 17:08:07
133	1	156		0	0	2019/09/19 17:13:52
134	1	159		0	0	2019/09/19 17:22:46
135	1	1		0	0	2019/09/19 17:24:38
136	1	159		0	0	2019/09/20 06:38:04
137	1	156		0	0	2019/09/20 06:46:12
138	1	171		0	0	2019/09/20 06:58:51
139	1	61		0	0	2019/09/20 08:56:07
140	1	156		0	0	2019/09/20 17:14:14
141	1	61		0	0	2019/09/20 17:30:16
142	1	159		0	0	2019/09/20 17:30:44
143	1	1		0	0	2019/09/20 17:49:25
144	1	156		0	0	2019/09/21 06:44:24
145	1	159		0	0	2019/09/21 06:46:50
146	1	171		0	0	2019/09/21 07:02:38
147	1	61		0	0	2019/09/21 09:01:28
148	1	100		0	0	2019/09/21 15:57:29
149	1	156		0	0	2019/09/21 17:18:37
150	1	159		0	0	2019/09/21 17:19:50
151	1	61		0	0	2019/09/21 17:22:59
152	1	159		0	0	2019/09/23 06:29:18
153	1	153		0	0	2019/09/23 07:01:07
154	1	176		0	0	2019/09/23 07:01:56
155	1	156		0	0	2019/09/23 08:20:08
156	1	61		0	0	2019/09/23 09:03:50
157	1	153		0	0	2019/09/23 17:03:57
158	1	61		0	0	2019/09/23 17:17:43
159	1	156		0	0	2019/09/23 17:20:56
160	1	160		0	0	2019/09/23 17:21:40
161	1	176		0	0	2019/09/23 17:28:30
162	1	159		0	0	2019/09/23 19:12:34
163	1	160		0	0	2019/09/24 01:45:26
164	1	159		0	0	2019/09/24 06:28:18
165	1	156		0	0	2019/09/24 06:38:46
166	1	176		0	0	2019/09/24 06:59:13
167	1	153		0	0	2019/09/24 07:03:44
168	1	160		0	0	2019/09/24 07:03:51
169	1	171		0	0	2019/09/24 07:04:23
170	1	61		0	0	2019/09/24 08:54:03
171	1	61		0	0	2019/09/24 17:05:53
172	1	156		0	0	2019/09/24 17:09:36
173	1	171		0	0	2019/09/24 17:19:45
174	1	160		0	0	2019/09/24 17:28:42
175	1	159		0	0	2019/09/24 17:38:56
176	1	153		0	0	2019/09/24 18:00:03
177	1	159		0	0	2019/09/25 06:23:23
178	1	156		0	0	2019/09/25 06:57:34
179	1	171		0	0	2019/09/25 07:01:02
180	1	153		0	0	2019/09/25 07:03:27
181	1	61		0	0	2019/09/25 08:43:56
182	1	61		0	0	2019/09/25 17:03:43
183	1	156		0	0	2019/09/25 17:11:51
184	1	153		0	0	2019/09/25 17:14:22
185	1	171		0	0	2019/09/25 17:17:26
186	1	159		0	0	2019/09/25 17:38:20
187	1	159		0	0	2019/09/26 06:27:15
188	1	156		0	0	2019/09/26 06:51:42
189	1	171		0	0	2019/09/26 07:01:54
190	1	153		0	0	2019/09/26 07:03:13
191	1	175		0	0	2019/09/26 13:25:03
192	1	153		0	0	2019/09/26 17:07:33
193	1	160		0	0	2019/09/26 17:07:41
194	1	61		0	0	2019/09/26 17:10:09
195	1	156		0	0	2019/09/26 17:11:10
196	1	159		0	0	2019/09/26 17:34:51
197	1	171		0	0	2019/09/26 17:37:08
198	1	176		0	0	2019/09/26 17:37:16
199	1	175		0	0	2019/09/26 17:38:18
200	1	159		0	0	2019/09/27 06:42:54
201	1	156		0	0	2019/09/27 06:51:14
202	1	171		0	0	2019/09/27 06:53:36
203	1	153		0	0	2019/09/27 06:59:31
204	1	152		0	0	2019/09/27 06:59:52
205	1	175		0	0	2019/09/27 07:04:31
206	1	61		0	0	2019/09/27 08:55:05
207	1	153		0	0	2019/09/27 17:07:09
208	1	156		0	0	2019/09/27 17:10:53
209	1	61		0	0	2019/09/27 17:21:15
210	1	159		0	0	2019/09/27 17:29:29
211	1	152		0	0	2019/09/27 17:33:11
212	1	160		0	0	2019/09/27 17:45:19
213	1	176		0	0	2019/09/27 17:56:54
214	1	159		0	0	2019/09/28 06:33:01
215	1	156		0	0	2019/09/28 06:55:57
216	1	171		0	0	2019/09/28 07:01:03
217	1	61		0	0	2019/09/28 09:04:02
218	1	187		0	0	2019/09/28 17:00:55
219	1	171		0	0	2019/09/28 17:02:19
220	1	156		0	0	2019/09/28 17:12:40
221	1	159		0	0	2019/09/28 17:18:04
222	1	61		0	0	2019/09/28 17:29:23
223	1	171		0	0	2019/09/29 07:24:08
224	1	159		0	0	2019/09/30 06:44:00
225	1	156		0	0	2019/09/30 06:51:06
226	1	171		0	0	2019/09/30 07:02:13
227	1	153		0	0	2019/09/30 07:04:43
228	1	176		0	0	2019/09/30 07:05:24
229	1	61		0	0	2019/09/30 08:55:14
230	1	61		0	0	2019/09/30 17:08:17
231	1	156		0	0	2019/09/30 17:08:28
232	1	159		0	0	2019/09/30 17:10:19
233	1	171		0	0	2019/09/30 17:12:57
234	1	176		0	0	2019/09/30 17:56:54
235	1	160		0	0	2019/09/30 17:57:13
236	1	152		0	0	2019/10/01 06:46:59
237	1	149		0	0	2019/10/01 06:47:58
238	1	159		0	0	2019/10/01 06:48:16
239	1	156		0	0	2019/10/01 06:50:43
240	1	129		0	0	2019/10/01 06:53:18
241	1	170		0	0	2019/10/01 06:53:58
242	1	42		0	0	2019/10/01 06:55:48
243	1	145		0	0	2019/10/01 06:56:25
244	1	3		0	0	2019/10/01 06:56:52
245	1	165		0	0	2019/10/01 06:59:02
246	1	162		0	0	2019/10/01 06:59:39
247	1	171		0	0	2019/10/01 07:01:01
248	1	187		0	0	2019/10/01 07:01:25
249	1	151		0	0	2019/10/01 07:02:22
250	1	158		0	0	2019/10/01 07:02:55
251	1	176		0	0	2019/10/01 07:03:23
252	1	173		0	0	2019/10/01 07:04:03
253	1	153		0	0	2019/10/01 07:04:24
254	1	184		0	0	2019/10/01 07:05:13
255	1	182		0	0	2019/10/01 07:05:49
256	1	60		0	0	2019/10/01 07:06:12
257	1	186		0	0	2019/10/01 07:06:53
258	1	146		0	0	2019/10/01 07:07:26
259	1	175		0	0	2019/10/01 07:08:33
260	1	142		0	0	2019/10/01 07:10:27
261	1	17		0	0	2019/10/01 07:11:27
262	1	14		0	0	2019/10/01 08:52:55
263	1	61		0	0	2019/10/01 08:59:03
264	1	153		0	0	2019/10/01 17:02:19
265	1	173		0	0	2019/10/01 17:02:27
266	1	151		0	0	2019/10/01 17:02:33
267	1	158		0	0	2019/10/01 17:02:42
268	1	60		0	0	2019/10/01 17:02:51
269	1	187		0	0	2019/10/01 17:03:01
270	1	186		0	0	2019/10/01 17:03:07
271	1	159		0	0	2019/10/01 17:03:44
272	1	165		0	0	2019/10/01 17:03:49
273	1	142		0	0	2019/10/01 17:04:15
274	1	154		0	0	2019/10/01 17:04:25
275	1	184		0	0	2019/10/01 17:06:31
276	1	182		0	0	2019/10/01 17:06:50
277	1	17		0	0	2019/10/01 17:07:08
278	1	42		0	0	2019/10/01 17:07:28
279	1	170		0	0	2019/10/01 17:07:59
280	1	146		0	0	2019/10/01 17:08:15
281	1	171		0	0	2019/10/01 17:08:25
282	1	152		0	0	2019/10/01 17:09:43
283	1	156		0	0	2019/10/01 17:09:46
284	1	61		0	0	2019/10/01 17:09:57
285	1	3		0	0	2019/10/01 17:10:07
286	1	145		0	0	2019/10/01 17:10:30
287	1	162		0	0	2019/10/01 17:11:34
288	1	176		0	0	2019/10/01 17:11:54
289	1	129		0	0	2019/10/01 17:41:58
290	1	14		0	0	2019/10/01 20:11:23
291	1	42		0	0	2019/10/02 06:29:52
292	1	152		0	0	2019/10/02 06:42:31
293	1	156		0	0	2019/10/02 06:48:00
294	1	165		0	0	2019/10/02 06:53:29
295	1	159		0	0	2019/10/02 06:55:07
296	1	154		0	0	2019/10/02 06:55:10
297	1	129		0	0	2019/10/02 06:55:59
298	1	145		0	0	2019/10/02 06:58:58
299	1	3		0	0	2019/10/02 06:59:39
300	1	149		0	0	2019/10/02 06:59:58
301	1	187		0	0	2019/10/02 07:00:16
302	1	151		0	0	2019/10/02 07:01:28
303	1	170		0	0	2019/10/02 07:01:33
304	1	158		0	0	2019/10/02 07:01:47
305	1	160		0	0	2019/10/02 07:01:51
306	1	162		0	0	2019/10/02 07:01:54
307	1	184		0	0	2019/10/02 07:02:04
308	1	171		0	0	2019/10/02 07:02:08
309	1	176		0	0	2019/10/02 07:02:16
310	1	175		0	0	2019/10/02 07:02:22
311	1	153		0	0	2019/10/02 07:02:47
312	1	186		0	0	2019/10/02 07:03:31
313	1	142		0	0	2019/10/02 07:03:38
314	1	146		0	0	2019/10/02 07:03:50
315	1	173		0	0	2019/10/02 07:08:24
316	1	14		0	0	2019/10/02 07:10:45
317	1	17		0	0	2019/10/02 07:13:55
318	1	182		0	0	2019/10/02 07:16:29
319	1	60		0	0	2019/10/02 07:36:55
320	1	61		0	0	2019/10/02 08:58:56
321	1	60		0	0	2019/10/02 17:04:01
322	1	61		0	0	2019/10/02 17:04:49
323	1	162		0	0	2019/10/02 17:04:59
324	1	165		0	0	2019/10/02 17:05:06
325	1	154		0	0	2019/10/02 17:05:11
326	1	129		0	0	2019/10/02 17:05:59
327	1	151		0	0	2019/10/02 17:06:11
328	1	42		0	0	2019/10/02 17:06:34
329	1	156		0	0	2019/10/02 17:09:12
330	1	182		0	0	2019/10/02 17:10:59
331	1	14		0	0	2019/10/02 17:13:22
332	1	142		0	0	2019/10/02 17:13:50
333	1	173		0	0	2019/10/02 17:13:59
334	1	159		0	0	2019/10/02 17:16:16
335	1	3		0	0	2019/10/02 17:16:30
336	1	186		0	0	2019/10/02 17:16:56
337	1	152		0	0	2019/10/02 17:26:12
338	1	158		0	0	2019/10/02 17:32:38
339	1	176		0	0	2019/10/02 17:46:37
340	1	153		0	0	2019/10/02 18:12:23
341	1	17		0	0	2019/10/02 18:26:06
342	1	187		0	0	2019/10/02 19:01:59
343	1	184		0	0	2019/10/02 19:02:14
344	1	175		0	0	2019/10/02 19:07:46
345	1	160		0	0	2019/10/02 19:33:45
346	1	159		0	0	2019/10/03 04:19:49
347	1	175		0	0	2019/10/03 04:54:06
348	1	170		0	0	2019/10/03 04:55:42
349	1	14		0	0	2019/10/03 05:54:17
350	1	42		0	0	2019/10/03 06:35:48
351	1	145		0	0	2019/10/03 06:44:45
352	1	156		0	0	2019/10/03 06:48:59
353	1	165		0	0	2019/10/03 06:49:10
354	1	162		0	0	2019/10/03 06:53:54
355	1	152		0	0	2019/10/03 06:55:01
356	1	184		0	0	2019/10/03 06:55:22
357	1	149		0	0	2019/10/03 06:57:06
358	1	176		0	0	2019/10/03 06:58:05
359	1	129		0	0	2019/10/03 06:58:50
360	1	160		0	0	2019/10/03 06:59:02
361	1	3		0	0	2019/10/03 07:00:06
362	1	171		0	0	2019/10/03 07:00:45
363	1	151		0	0	2019/10/03 07:00:49
364	1	153		0	0	2019/10/03 07:01:00
365	1	187		0	0	2019/10/03 07:01:06
366	1	142		0	0	2019/10/03 07:02:34
367	1	186		0	0	2019/10/03 07:04:05
368	1	158		0	0	2019/10/03 07:04:10
369	1	173		0	0	2019/10/03 07:06:10
370	1	182		0	0	2019/10/03 07:06:27
371	1	17		0	0	2019/10/03 07:06:33
372	1	60		0	0	2019/10/03 07:13:50
373	1	61		0	0	2019/10/03 08:56:30
374	1	153		0	0	2019/10/03 17:02:20
375	1	129		0	0	2019/10/03 17:04:19
376	1	187		0	0	2019/10/03 17:04:47
377	1	165		0	0	2019/10/03 17:06:22
378	1	42		0	0	2019/10/03 17:07:28
379	1	156		0	0	2019/10/03 17:07:33
380	1	151		0	0	2019/10/03 17:07:38
381	1	61		0	0	2019/10/03 17:08:43
382	1	184		0	0	2019/10/03 17:09:41
383	1	60		0	0	2019/10/03 17:11:07
384	1	182		0	0	2019/10/03 17:11:29
385	1	3		0	0	2019/10/03 17:11:35
386	1	171		0	0	2019/10/03 17:11:50
387	1	170		0	0	2019/10/03 17:12:48
388	1	142		0	0	2019/10/03 17:13:34
389	1	152		0	0	2019/10/03 17:15:47
390	1	175		0	0	2019/10/03 17:15:53
391	1	159		0	0	2019/10/03 17:26:22
392	1	160		0	0	2019/10/03 17:32:20
393	1	176		0	0	2019/10/03 17:52:38
394	1	158		0	0	2019/10/03 18:29:59
395	1	17		0	0	2019/10/03 19:04:01
396	1	173		0	0	2019/10/03 19:04:39
397	1	162		0	0	2019/10/03 19:05:01
398	1	165		0	0	2019/10/04 06:41:46
399	1	145		0	0	2019/10/04 06:42:13
400	1	160		0	0	2019/10/04 06:46:14
401	1	156		0	0	2019/10/04 06:49:00
402	1	42		0	0	2019/10/04 06:51:59
403	1	3		0	0	2019/10/04 06:52:48
404	1	154		0	0	2019/10/04 06:54:16
405	1	170		0	0	2019/10/04 06:54:54
406	1	151		0	0	2019/10/04 06:57:28
407	1	60		0	0	2019/10/04 06:57:39
408	1	129		0	0	2019/10/04 06:57:54
409	1	171		0	0	2019/10/04 06:58:11
410	1	173		0	0	2019/10/04 06:58:19
411	1	152		0	0	2019/10/04 07:01:35
412	1	162		0	0	2019/10/04 07:02:02
413	1	187		0	0	2019/10/04 07:02:10
414	1	153		0	0	2019/10/04 07:03:03
415	1	159		0	0	2019/10/04 07:03:16
416	1	176		0	0	2019/10/04 07:03:32
417	1	184		0	0	2019/10/04 07:03:36
418	1	175		0	0	2019/10/04 07:04:07
419	1	158		0	0	2019/10/04 07:04:13
420	1	149		0	0	2019/10/04 07:04:25
421	1	142		0	0	2019/10/04 07:06:35
422	1	182		0	0	2019/10/04 07:08:34
423	1	61		0	0	2019/10/04 08:59:35
424	1	17		0	0	2019/10/04 12:37:15
425	1	14		0	0	2019/10/04 13:06:14
426	1	145		0	0	2019/10/04 17:02:38
427	1	146		0	0	2019/10/04 17:04:10
428	1	154		0	0	2019/10/04 17:04:37
429	1	129		0	0	2019/10/04 17:04:46
430	1	142		0	0	2019/10/04 17:05:18
431	1	151		0	0	2019/10/04 17:05:42
432	1	42		0	0	2019/10/04 17:05:48
433	1	149		0	0	2019/10/04 17:07:07
434	1	187		0	0	2019/10/04 17:07:15
435	1	175		0	0	2019/10/04 17:07:45
436	1	171		0	0	2019/10/04 17:07:49
437	1	61		0	0	2019/10/04 17:08:04
438	1	170		0	0	2019/10/04 17:08:47
439	1	165		0	0	2019/10/04 17:10:59
440	1	60		0	0	2019/10/04 17:13:43
441	1	184		0	0	2019/10/04 17:14:47
442	1	3		0	0	2019/10/04 17:14:58
443	1	182		0	0	2019/10/04 17:15:39
444	1	152		0	0	2019/10/04 17:20:56
445	1	160		0	0	2019/10/04 17:34:39
446	1	14		0	0	2019/10/04 17:35:03
447	1	159		0	0	2019/10/04 17:35:11
448	1	156		0	0	2019/10/04 17:35:44
449	1	158		0	0	2019/10/04 17:57:09
450	1	162		0	0	2019/10/04 18:07:07
451	1	153		0	0	2019/10/04 18:30:04
452	1	17		0	0	2019/10/04 18:36:27
453	1	156		0	0	2019/10/05 06:39:40
454	1	3		0	0	2019/10/05 06:45:31
455	1	159		0	0	2019/10/05 06:45:38
456	1	42		0	0	2019/10/05 06:50:34
457	1	165		0	0	2019/10/05 06:52:55
458	1	160		0	0	2019/10/05 06:53:18
459	1	145		0	0	2019/10/05 06:56:18
460	1	151		0	0	2019/10/05 06:57:38
461	1	142		0	0	2019/10/05 06:59:50
462	1	149		0	0	2019/10/05 07:00:23
463	1	154		0	0	2019/10/05 07:00:57
464	1	170		0	0	2019/10/05 07:01:19
465	1	182		0	0	2019/10/05 07:01:33
466	1	171		0	0	2019/10/05 07:02:05
467	1	187		0	0	2019/10/05 07:02:35
468	1	152		0	0	2019/10/05 07:03:08
469	1	176		0	0	2019/10/05 07:03:54
470	1	184		0	0	2019/10/05 07:04:00
471	1	162		0	0	2019/10/05 07:04:04
472	1	146		0	0	2019/10/05 07:04:10
473	1	175		0	0	2019/10/05 07:04:17
474	1	153		0	0	2019/10/05 07:04:25
475	1	17		0	0	2019/10/05 07:04:55
476	1	129		0	0	2019/10/05 07:08:48
477	1	14		0	0	2019/10/05 07:13:42
478	1	60		0	0	2019/10/05 07:15:44
479	1	158		0	0	2019/10/05 08:55:45
480	1	61		0	0	2019/10/05 09:00:13
481	1	60		0	0	2019/10/05 17:06:40
482	1	187		0	0	2019/10/05 17:06:53
483	1	42		0	0	2019/10/05 17:07:23
484	1	154		0	0	2019/10/05 17:07:37
485	1	151		0	0	2019/10/05 17:07:46
486	1	142		0	0	2019/10/05 17:07:55
487	1	165		0	0	2019/10/05 17:08:54
488	1	184		0	0	2019/10/05 17:11:06
489	1	175		0	0	2019/10/05 17:11:44
490	1	145		0	0	2019/10/05 17:12:11
491	1	162		0	0	2019/10/05 17:12:21
492	1	146		0	0	2019/10/05 17:13:11
493	1	3		0	0	2019/10/05 17:13:23
494	1	129		0	0	2019/10/05 17:13:31
495	1	182		0	0	2019/10/05 17:14:49
496	1	61		0	0	2019/10/05 17:14:56
497	1	171		0	0	2019/10/05 17:17:31
498	1	153		0	0	2019/10/05 17:17:40
499	1	152		0	0	2019/10/05 17:24:09
500	1	159		0	0	2019/10/05 17:26:04
501	1	17		0	0	2019/10/05 17:26:42
502	1	176		0	0	2019/10/05 17:29:52
503	1	160		0	0	2019/10/05 17:30:01
504	1	14		0	0	2019/10/05 17:32:39
505	1	156		0	0	2019/10/05 17:33:35
506	1	158		0	0	2019/10/05 17:33:55
507	1	184		0	0	2019/10/06 06:32:41
508	1	187		0	0	2019/10/06 07:01:38
509	1	158		0	0	2019/10/06 07:04:39
510	1	162		0	0	2019/10/06 07:04:45
511	1	176		0	0	2019/10/06 07:04:48
512	1	182		0	0	2019/10/06 07:07:16
513	1	153		0	0	2019/10/06 07:07:33
514	1	145		0	0	2019/10/06 07:10:35
515	1	146		0	0	2019/10/06 07:21:16
516	1	170		0	0	2019/10/06 07:27:00
517	1	171		0	0	2019/10/06 07:33:29
518	1	160		0	0	2019/10/06 07:48:46
519	1	14		0	0	2019/10/06 08:58:03
520	1	146		0	0	2019/10/06 15:02:50
521	1	171		0	0	2019/10/06 15:04:01
522	1	170		0	0	2019/10/06 15:04:05
523	1	145		0	0	2019/10/06 15:04:56
524	1	182		0	0	2019/10/06 15:11:18
525	1	187		0	0	2019/10/06 15:12:16
526	1	158		0	0	2019/10/06 15:12:28
527	1	184		0	0	2019/10/06 15:14:47
528	1	176		0	0	2019/10/06 15:14:52
529	1	162		0	0	2019/10/06 15:24:45
530	1	14		0	0	2019/10/06 15:45:57
531	1	160		0	0	2019/10/06 16:16:48
532	1	153		0	0	2019/10/06 16:18:18
533	1	14		0	0	2019/10/07 05:54:29
534	1	154		0	0	2019/10/07 06:31:52
535	1	159		0	0	2019/10/07 06:35:16
536	1	152		0	0	2019/10/07 06:35:37
537	1	165		0	0	2019/10/07 06:35:54
538	1	158		0	0	2019/10/07 06:42:06
539	1	129		0	0	2019/10/07 06:50:32
540	1	145		0	0	2019/10/07 06:51:48
541	1	149		0	0	2019/10/07 06:54:10
542	1	42		0	0	2019/10/07 06:54:15
543	1	3		0	0	2019/10/07 06:54:45
544	1	142		0	0	2019/10/07 06:56:06
545	1	184		0	0	2019/10/07 06:58:01
546	1	182		0	0	2019/10/07 06:58:07
547	1	151		0	0	2019/10/07 06:58:37
548	1	170		0	0	2019/10/07 07:00:50
549	1	171		0	0	2019/10/07 07:01:04
550	1	187		0	0	2019/10/07 07:01:10
551	1	186		0	0	2019/10/07 07:01:16
552	1	153		0	0	2019/10/07 07:02:27
553	1	162		0	0	2019/10/07 07:02:48
554	1	175		0	0	2019/10/07 07:02:58
555	1	176		0	0	2019/10/07 07:03:01
556	1	146		0	0	2019/10/07 07:03:46
557	1	173		0	0	2019/10/07 07:03:51
558	1	17		0	0	2019/10/07 07:07:58
559	1	60		0	0	2019/10/07 07:30:03
560	1	156		0	0	2019/10/07 07:52:02
561	1	61		0	0	2019/10/07 08:55:37
562	1	187		0	0	2019/10/07 17:02:02
563	1	151		0	0	2019/10/07 17:02:09
564	1	153		0	0	2019/10/07 17:02:21
565	1	186		0	0	2019/10/07 17:03:04
566	1	175		0	0	2019/10/07 17:03:20
567	1	171		0	0	2019/10/07 17:03:36
568	1	146		0	0	2019/10/07 17:04:32
569	1	42		0	0	2019/10/07 17:04:47
570	1	142		0	0	2019/10/07 17:04:58
571	1	129		0	0	2019/10/07 17:05:36
572	1	61		0	0	2019/10/07 17:05:49
573	1	145		0	0	2019/10/07 17:06:27
574	1	170		0	0	2019/10/07 17:06:33
575	1	60		0	0	2019/10/07 17:08:10
576	1	3		0	0	2019/10/07 17:08:31
577	1	156		0	0	2019/10/07 17:11:09
578	1	165		0	0	2019/10/07 17:11:47
579	1	182		0	0	2019/10/07 17:12:45
580	1	152		0	0	2019/10/07 17:20:59
581	1	162		0	0	2019/10/07 17:21:34
582	1	17		0	0	2019/10/07 17:24:05
583	1	173		0	0	2019/10/07 17:27:10
584	1	154		0	0	2019/10/07 17:28:51
585	1	158		0	0	2019/10/07 17:58:15
586	1	184		0	0	2019/10/07 19:03:34
587	1	149		0	0	2019/10/07 19:08:59
588	1	176		0	0	2019/10/07 19:10:39
589	1	159		0	0	2019/10/07 19:14:15
590	1	14		0	0	2019/10/07 20:04:53
591	1	14		0	0	2019/10/08 05:54:08
592	1	170		0	0	2019/10/08 06:24:03
593	1	154		0	0	2019/10/08 06:31:58
594	1	156		0	0	2019/10/08 06:34:25
595	1	159		0	0	2019/10/08 06:40:09
596	1	42		0	0	2019/10/08 06:40:51
597	1	149		0	0	2019/10/08 06:42:34
598	1	184		0	0	2019/10/08 06:42:47
599	1	165		0	0	2019/10/08 06:46:45
600	1	3		0	0	2019/10/08 06:48:02
601	1	145		0	0	2019/10/08 06:49:18
602	1	175		0	0	2019/10/08 06:50:58
603	1	158		0	0	2019/10/08 06:56:28
604	1	129		0	0	2019/10/08 06:56:47
605	1	171		0	0	2019/10/08 06:58:51
606	1	187		0	0	2019/10/08 06:59:23
607	1	142		0	0	2019/10/08 07:00:09
608	1	60		0	0	2019/10/08 07:00:20
609	1	162		0	0	2019/10/08 07:00:22
610	1	182		0	0	2019/10/08 07:00:49
611	1	153		0	0	2019/10/08 07:01:21
612	1	176		0	0	2019/10/08 07:01:37
613	1	146		0	0	2019/10/08 07:02:16
614	1	151		0	0	2019/10/08 07:03:07
615	1	186		0	0	2019/10/08 07:06:21
616	1	17		0	0	2019/10/08 07:07:13
617	1	173		0	0	2019/10/08 07:25:28
618	1	152		0	0	2019/10/08 07:26:27
619	1	61		0	0	2019/10/08 08:53:42
620	1	142		0	0	2019/10/08 17:02:03
621	1	153		0	0	2019/10/08 17:02:33
622	1	165		0	0	2019/10/08 17:02:37
623	1	151		0	0	2019/10/08 17:02:53
624	1	170		0	0	2019/10/08 17:04:27
625	1	61		0	0	2019/10/08 17:04:56
626	1	60		0	0	2019/10/08 17:05:02
627	1	145		0	0	2019/10/08 17:05:15
628	1	149		0	0	2019/10/08 17:05:41
629	1	175		0	0	2019/10/08 17:06:01
630	1	14		0	0	2019/10/08 17:06:13
631	1	42		0	0	2019/10/08 17:06:18
632	1	17		0	0	2019/10/08 17:06:26
633	1	129		0	0	2019/10/08 17:07:09
634	1	3		0	0	2019/10/08 17:07:26
635	1	184		0	0	2019/10/08 17:07:53
636	1	182		0	0	2019/10/08 17:11:32
637	1	146		0	0	2019/10/08 17:11:55
638	1	156		0	0	2019/10/08 17:16:02
639	1	154		0	0	2019/10/08 17:16:06
640	1	176		0	0	2019/10/08 17:16:13
641	1	152		0	0	2019/10/08 17:16:37
642	1	173		0	0	2019/10/08 17:17:56
643	1	162		0	0	2019/10/08 17:18:51
644	1	159		0	0	2019/10/08 17:23:42
645	1	158		0	0	2019/10/08 17:53:46
646	1	186		0	0	2019/10/08 19:00:53
647	1	187		0	0	2019/10/08 19:01:02
648	1	171		0	0	2019/10/08 19:01:16
649	1	159		0	0	2019/10/09 06:43:48
650	1	165		0	0	2019/10/09 06:45:02
651	1	160		0	0	2019/10/09 06:46:17
652	1	3		0	0	2019/10/09 06:48:19
653	1	42		0	0	2019/10/09 06:51:05
654	1	154		0	0	2019/10/09 06:52:33
655	1	145		0	0	2019/10/09 06:53:05
656	1	142		0	0	2019/10/09 06:53:12
657	1	129		0	0	2019/10/09 06:53:24
658	1	156		0	0	2019/10/09 06:56:07
659	1	171		0	0	2019/10/09 06:56:45
660	1	149		0	0	2019/10/09 06:57:05
661	1	151		0	0	2019/10/09 06:59:52
662	1	184		0	0	2019/10/09 07:00:56
663	1	158		0	0	2019/10/09 07:01:03
664	1	187		0	0	2019/10/09 07:02:37
665	1	153		0	0	2019/10/09 07:02:59
666	1	152		0	0	2019/10/09 07:03:12
667	1	146		0	0	2019/10/09 07:03:26
668	1	186		0	0	2019/10/09 07:03:33
669	1	173		0	0	2019/10/09 07:03:46
670	1	175		0	0	2019/10/09 07:03:51
671	1	176		0	0	2019/10/09 07:03:54
672	1	162		0	0	2019/10/09 07:04:19
673	1	17		0	0	2019/10/09 07:06:44
674	1	60		0	0	2019/10/09 07:20:08
675	1	14		0	0	2019/10/09 08:14:44
676	1	61		0	0	2019/10/09 08:53:33
677	1	60		0	0	2019/10/09 17:02:55
678	1	187		0	0	2019/10/09 17:05:16
679	1	171		0	0	2019/10/09 17:05:33
680	1	186		0	0	2019/10/09 17:05:41
681	1	145		0	0	2019/10/09 17:05:46
682	1	165		0	0	2019/10/09 17:06:23
683	1	153		0	0	2019/10/09 17:06:45
684	1	3		0	0	2019/10/09 17:08:28
685	1	61		0	0	2019/10/09 17:09:35
686	1	151		0	0	2019/10/09 17:09:48
687	1	162		0	0	2019/10/09 17:11:07
688	1	184		0	0	2019/10/09 17:13:33
689	1	176		0	0	2019/10/09 17:17:26
690	1	149		0	0	2019/10/09 17:17:49
691	1	152		0	0	2019/10/09 17:18:07
692	1	17		0	0	2019/10/09 17:22:04
693	1	156		0	0	2019/10/09 17:24:30
694	1	159		0	0	2019/10/09 17:30:50
695	1	145		0	0	2019/10/09 17:44:41
696	1	154		0	0	2019/10/09 17:50:29
697	1	146		0	0	2019/10/09 17:50:50
698	1	173		0	0	2019/10/09 17:51:18
699	1	129		0	0	2019/10/09 17:51:29
700	1	175		0	0	2019/10/09 17:54:46
701	1	160		0	0	2019/10/09 17:54:50
702	1	42		0	0	2019/10/09 17:55:01
703	1	158		0	0	2019/10/09 18:18:49
704	1	162		0	0	2019/10/10 05:54:10
705	1	14		0	0	2019/10/10 06:05:19
706	1	154		0	0	2019/10/10 06:27:08
707	1	165		0	0	2019/10/10 06:35:30
708	1	42		0	0	2019/10/10 06:48:31
709	1	3		0	0	2019/10/10 06:49:25
710	1	145		0	0	2019/10/10 06:51:33
711	1	159		0	0	2019/10/10 06:52:36
712	1	129		0	0	2019/10/10 06:52:56
713	1	156		0	0	2019/10/10 06:53:35
714	1	149		0	0	2019/10/10 06:54:44
715	1	171		0	0	2019/10/10 06:56:29
716	1	152		0	0	2019/10/10 06:56:38
717	1	151		0	0	2019/10/10 07:01:41
718	1	187		0	0	2019/10/10 07:02:59
719	1	153		0	0	2019/10/10 07:03:15
720	1	182		0	0	2019/10/10 07:03:29
721	1	184		0	0	2019/10/10 07:03:41
722	1	158		0	0	2019/10/10 07:03:45
723	1	176		0	0	2019/10/10 07:03:48
724	1	175		0	0	2019/10/10 07:04:01
725	1	146		0	0	2019/10/10 07:04:13
726	1	186		0	0	2019/10/10 07:04:17
727	1	173		0	0	2019/10/10 07:04:43
728	1	142		0	0	2019/10/10 07:08:29
729	1	17		0	0	2019/10/10 07:13:56
730	1	60		0	0	2019/10/10 07:33:15
731	1	61		0	0	2019/10/10 08:59:34
732	1	142		0	0	2019/10/10 17:02:16
733	1	60		0	0	2019/10/10 17:02:44
734	1	165		0	0	2019/10/10 17:03:24
735	1	61		0	0	2019/10/10 17:03:59
736	1	149		0	0	2019/10/10 17:04:35
737	1	162		0	0	2019/10/10 17:04:42
738	1	145		0	0	2019/10/10 17:05:00
739	1	42		0	0	2019/10/10 17:07:14
740	1	151		0	0	2019/10/10 17:08:31
741	1	187		0	0	2019/10/10 17:08:43
742	1	156		0	0	2019/10/10 17:09:00
743	1	14		0	0	2019/10/10 17:09:09
744	1	152		0	0	2019/10/10 17:10:18
745	1	184		0	0	2019/10/10 17:13:02
746	1	129		0	0	2019/10/10 17:13:50
747	1	159		0	0	2019/10/10 17:22:40
748	1	176		0	0	2019/10/10 17:25:15
749	1	154		0	0	2019/10/10 17:25:42
750	1	182		0	0	2019/10/10 17:26:33
751	1	175		0	0	2019/10/10 17:46:40
752	1	158		0	0	2019/10/10 18:12:43
753	1	160		0	0	2019/10/10 18:14:33
754	1	171		0	0	2019/10/10 18:36:54
755	1	186		0	0	2019/10/10 18:36:59
756	1	3		0	0	2019/10/10 18:38:39
757	1	153		0	0	2019/10/10 19:23:04
758	1	17		0	0	2019/10/10 19:26:29
759	1	154		0	0	2019/10/11 06:30:56
760	1	3		0	0	2019/10/11 06:40:34
761	1	42		0	0	2019/10/11 06:43:36
762	1	165		0	0	2019/10/11 06:44:10
763	1	149		0	0	2019/10/11 06:48:00
764	1	159		0	0	2019/10/11 06:52:17
765	1	184		0	0	2019/10/11 06:52:45
766	1	171		0	0	2019/10/11 06:56:42
767	1	152		0	0	2019/10/11 06:57:02
768	1	156		0	0	2019/10/11 06:58:27
769	1	145		0	0	2019/10/11 06:59:05
770	1	170		0	0	2019/10/11 06:59:23
771	1	162		0	0	2019/10/11 06:59:38
772	1	129		0	0	2019/10/11 07:00:02
773	1	182		0	0	2019/10/11 07:00:30
774	1	151		0	0	2019/10/11 07:00:36
775	1	176		0	0	2019/10/11 07:02:06
776	1	175		0	0	2019/10/11 07:02:10
777	1	187		0	0	2019/10/11 07:02:18
778	1	186		0	0	2019/10/11 07:02:44
779	1	146		0	0	2019/10/11 07:03:31
780	1	153		0	0	2019/10/11 07:03:36
781	1	17		0	0	2019/10/11 07:07:45
782	1	142		0	0	2019/10/11 07:08:59
783	1	160		0	0	2019/10/11 07:21:40
784	1	14		0	0	2019/10/11 07:24:49
785	1	60		0	0	2019/10/11 07:30:11
786	1	61		0	0	2019/10/11 09:01:32
787	1	165		0	0	2019/10/11 17:01:59
788	1	149		0	0	2019/10/11 17:02:17
789	1	129		0	0	2019/10/11 17:02:47
790	1	42		0	0	2019/10/11 17:03:27
791	1	60		0	0	2019/10/11 17:03:58
792	1	3		0	0	2019/10/11 17:04:43
793	1	154		0	0	2019/10/11 17:06:24
794	1	153		0	0	2019/10/11 17:08:31
795	1	184		0	0	2019/10/11 17:10:36
796	1	151		0	0	2019/10/11 17:11:21
797	1	14		0	0	2019/10/11 17:12:32
798	1	17		0	0	2019/10/11 17:14:16
799	1	156		0	0	2019/10/11 17:14:21
800	1	182		0	0	2019/10/11 17:15:14
801	1	61		0	0	2019/10/11 17:15:23
802	1	159		0	0	2019/10/11 17:17:48
803	1	176		0	0	2019/10/11 17:20:01
804	1	152		0	0	2019/10/11 17:24:52
805	1	145		0	0	2019/10/11 17:29:15
806	1	186		0	0	2019/10/11 17:29:31
807	1	187		0	0	2019/10/11 17:29:37
808	1	171		0	0	2019/10/11 17:30:30
809	1	162		0	0	2019/10/11 20:04:18
810	1	160		0	0	2019/10/11 20:07:22
811	1	146		0	0	2019/10/11 20:36:47
812	1	170		0	0	2019/10/11 20:36:54
813	1	154		0	0	2019/10/12 06:32:49
814	1	3		0	0	2019/10/12 06:40:45
815	1	159		0	0	2019/10/12 06:42:17
816	1	152		0	0	2019/10/12 06:42:52
817	1	160		0	0	2019/10/12 06:45:00
818	1	156		0	0	2019/10/12 06:45:34
819	1	165		0	0	2019/10/12 06:48:47
820	1	158		0	0	2019/10/12 06:49:02
821	1	149		0	0	2019/10/12 06:49:40
822	1	42		0	0	2019/10/12 06:51:22
823	1	145		0	0	2019/10/12 06:52:58
824	1	129		0	0	2019/10/12 06:56:13
825	1	151		0	0	2019/10/12 06:56:19
826	1	184		0	0	2019/10/12 06:56:36
827	1	170		0	0	2019/10/12 06:57:35
828	1	142		0	0	2019/10/12 06:57:55
829	1	171		0	0	2019/10/12 06:58:33
830	1	187		0	0	2019/10/12 06:58:46
831	1	14		0	0	2019/10/12 07:00:56
832	1	173		0	0	2019/10/12 07:01:05
833	1	162		0	0	2019/10/12 07:01:32
834	1	153		0	0	2019/10/12 07:03:08
835	1	176		0	0	2019/10/12 07:03:12
836	1	175		0	0	2019/10/12 07:03:23
837	1	182		0	0	2019/10/12 07:06:20
838	1	17		0	0	2019/10/12 07:13:01
839	1	60		0	0	2019/10/12 07:24:00
840	1	61		0	0	2019/10/12 08:50:39
841	1	176		0	0	2019/10/12 12:10:01
842	1	175		0	0	2019/10/12 16:11:06
843	1	165		0	0	2019/10/12 16:23:12
